StdInChIKey,0 Deg up,5 Deg up,10 Deg up,15 Deg up,20 Deg up,25 Deg up,30 Deg up,35 Deg up,40 Deg up,50 Deg up,60 Deg up,70 Deg up,80 Deg up,0 Deg down,5 Deg down,10 Deg down,15 Deg down,20 Deg down,25 Deg down,30 Deg down,35 Deg down,40 Deg down,50 Deg down,60 Deg down,70 Deg down,80 Deg down
ABLACSIRCKEUOB-UHFFFAOYSA-N,-2.712343496154001,-2.7651732346920004,-2.691945866259999,-2.756734448335999,-2.74321405806,-2.666205957813997,-2.7433257977539984,-2.748926435565999,-2.6829180576519986,-2.7285867211640036,-2.723038227461999,-2.785278004877999,-2.722295895825998,-2.668296882011998,-2.6873051343619996,-2.6050846821139984,-2.621570933284,-2.745987091665999,-2.659235277743999,-2.6717221572000014,-2.651482833829998,-2.6148797000440007,-2.6402543547339996,-2.6453349218839994,-2.6050795888679987,-2.565656092071999
ACGUYXCXAPNIKK-UHFFFAOYSA-N,-1.3377074346200015,-1.4100643666580024,-1.3964685916200008,-1.464356135266001,-1.4461690933640017,-1.573354011436002,-1.6509761580520042,-1.6864896788980033,-1.7793708962640018,-1.9110466950500016,-1.9124660823720026,-2.012204408348002,-2.1216269073940035,-1.286838942452003,-1.3179058019080012,-1.209024805424001,-1.0680634776240008,-1.0124565451940004,-0.9656238152360004,-0.949910169024002,-0.951659123032002,-0.836646491680001,-0.7091428852420009,-0.6137877339980007,-0.574897573948001,-0.48338242676999993
AFPHTEQTJZKQAQ-UHFFFAOYSA-N,-1.4328431455719997,-1.5605518485319985,-1.5368688635859997,-1.4798304014080002,-1.3370428487500001,-1.4405832791000002,-1.453707863326001,-1.4813839805740006,-1.489783333272003,-1.6636606882040037,-1.8569749672800024,-1.685444332550002,-1.6415080186560012,-1.3939512940059984,-1.3233486091619981,-1.1722865915159992,-1.0558455559499995,-0.8809206479479994,-0.9290130635820012,-0.8906396589740003,-0.8937626934820009,-0.9456217852360002,-0.9444764583159989,-0.5956775464920003,-0.19491009009999957,-0.08725139313200043
AXGXXLOKNNMCHP-UHFFFAOYSA-N,-0.10494777544400065,-0.15947031523399988,-0.20144707125599998,-0.2301666517140001,-0.2443220294500002,-0.31023061382600026,-0.4174751640159996,-0.5197768896699989,-0.5977646006239999,-0.8756763914860017,-1.0141680894800018,-1.0947059920340005,-1.1994008822020013,-0.11019379976800071,-0.03218137856999994,0.017112437908000034,0.05882300209399977,0.10320988361199974,0.1600534722739999,0.22897103673600017,0.27296201413200033,0.28314022775800063,0.28537503484800053,0.30638691249200006,0.32789722400999965,0.3255899754040003
BCXWMIMRDMIJGL-UHFFFAOYSA-N,-1.2732488114120002,-1.3651267591000018,-1.3632913437560035,-1.3751464516280023,-1.521137218774002,-1.5185293973240024,-1.6033128884200016,-1.711159476184002,-1.5738077277340004,-1.758651705772002,-1.907022275822003,-1.9197842390920028,-2.1047748462100015,-1.279673797224001,-1.2807565640200027,-1.3073298333440015,-1.2925112084580008,-1.2665913658080015,-1.2329195089280023,-1.0968254467120002,-0.9490877112120016,-0.8488507104280001,-0.8122222784499997,-0.6844536839779997,-0.721871314596002,-0.596031782518001
BEYOBVMPDRKTNR-BUHFOSPRSA-N,-0.9607532779480028,-1.0338095344200005,-1.0784398559480013,-1.1249747308960008,-1.196771383844001,-1.1781228438980014,-1.3087445257800028,-1.4144415931480037,-1.446068940338004,-1.5964933064420028,-1.6624285196220039,-1.7743709218960024,-1.8381285411380037,-0.9705923040280022,-0.9204228180620038,-0.8363337834320045,-0.7598069682360027,-0.6423424540940021,-0.5679200025700007,-0.4447254002580002,-0.3801056528080003,-0.3742690060619999,-0.15816092312799981,0.06649402431799999,0.19508391596600036,0.21917681289000054
BZEUYEFVVDTLOD-SNAWJCMRSA-N,-1.410773949566002,-1.4341803363160026,-1.4850589806260035,-1.4933064835280048,-1.561251709872006,-1.6813066879860084,-1.7364898085720104,-1.6549039742380087,-1.6262535284160087,-1.632451919688007,-1.5446200757040063,-1.7039509400960062,-1.6544739978720053,-1.366194529786001,-1.1656194394819992,-1.1820583271579994,-1.1308770535719994,-1.033551296475999,-0.8947796211459991,-0.8138798313279988,-0.6296066222000002,-0.31137701863599976,0.1722729236480005,0.46013901399399704,0.5034202839979973,0.5449524362519991
CPJSUEIXXCENMM-UHFFFAOYSA-N,-1.2948656456140013,-1.3433669806300024,-1.418345445336002,-1.522869967742004,-1.6864020198560064,-1.746768201616007,-1.7996476314720071,-1.776579450706009,-1.8006828366000065,-1.8945676969020049,-1.9885532465840026,-2.000434163856,-1.9583249303640027,-1.3304899513240007,-1.3315874901240006,-1.1608453098220004,-1.076170980668001,-1.0200137805020015,-0.9669881962920016,-0.9311074710920011,-0.8926315374320011,-0.7437233926980013,-0.5029444284740003,-0.171253309122,0.0968660325840002,0.1029954373520003
CSHWQDPOILHKBI-UHFFFAOYSA-N,-1.9218733159459993,-1.928322225531999,-1.9522974444339998,-1.9173090364379994,-1.9432878317299993,-1.9010688816799997,-1.9107455772120003,-1.9435145359040005,-1.923728108798002,-1.9200208682780031,-1.9490435938200041,-1.958527075230005,-1.9573240778320058,-1.903957541833999,-1.8999900634959952,-1.8970669111319973,-1.9503596961459966,-1.934835669339994,-1.8575560410899952,-1.8592846124839975,-1.8162304075999955,-1.8021743614959937,-1.6833938834079978,-1.5596539592199965,-1.396221819389997,-1.3549908242239965
CTVADTSNUUHIPU-FOCLMDBBSA-N,-0.0682447037639999,-0.05754261097399999,-0.09892564240599988,-0.09606858638200003,-0.1504580152360001,-0.17655952729600038,-0.22400140761600051,-0.17632387529600077,-0.2582050231100009,-0.09975065776799998,-0.3580375758380005,-0.5368669033059994,-0.8020137029059992,-0.11828680347999988,-0.1358524999239999,-0.04534501661800006,0.008574886074000044,-0.09728647983600003,-0.127839904226,-0.09998598493999997,-0.16200624277999992,-0.2164067957540002,-0.22404570724399983,-0.3064013423639998,-0.25184929576599985,-0.3193513392959997
CWFGKWQPVBFODR-HDICACEKSA-N,-1.2554574017639952,-1.251884378747997,-1.4095922307679976,-1.3138586284599978,-1.3693625100299978,-1.4664268917899967,-1.524751395511997,-1.6281956398259947,-1.564743719541998,-1.869310751517998,-2.136744944104001,-2.3788886139379986,-2.450672898765999,-1.4071002219059952,-1.3003789597459963,-1.3979883720719952,-1.2923603497919962,-1.2983915185459955,-1.3542643477379954,-1.3186825484399969,-1.2553934708419952,-1.2817337283919956,-1.195667751609996,-1.1444276613339945,-1.017454845507995,-0.8822707022799947
DIKMWTRJIZQJMY-CYFREDJKSA-N,-2.5785746455320013,-2.5535658246860007,-2.601532016107999,-2.6341586749719967,-2.6460844100419987,-2.6564809218579994,-2.6457822582859976,-2.6184595989639963,-2.7269085587319974,-2.63429185497,-2.6945104148279966,-2.735045694737994,-2.7633085381899956,-2.532324415508001,-2.5924234753240003,-2.401511806176005,-2.3579809579600024,-2.2848078670920042,-2.413425932694004,-2.3777567316460013,-2.289175808814001,-2.2907750775280014,-2.186791065343999,-1.9929822110419932,-1.8021116382199918,-1.781950606217996
DJDHQJFHXLBJNF-UHFFFAOYSA-N,-0.518137381674001,-0.6546369993340005,-0.8839663080579995,-0.9653633508839985,-1.1468891662860006,-1.135957671772002,-1.1558767333540032,-1.178263501838002,-1.126818287262001,-1.2443976573000024,-1.2816270805960028,-1.2907034074060029,-1.359239184402001,-0.49412057380000124,-0.37029541562600016,-0.09616061374199994,-0.03378337551999997,-0.022635999436000018,0.04866973190000007,0.14146044347199987,0.16271897467399993,0.1781462814880001,0.23633478301199978,-0.011036033739999871,-0.17141906724999956,-0.30207197357199944
DNXHEGUUPJUMQT-CBZIJGRNSA-N,-2.282173917504001,-2.2358071830739985,-2.263846746490001,-2.2607770734020014,-2.2339882677619993,-2.2833432998619996,-2.261686376747998,-2.271650445685998,-2.227490286235997,-2.2571470574339987,-2.2906697372359983,-2.2767397391739967,-2.2997001763579945,-2.2195154907200014,-2.236373471246,-2.2483628773960014,-2.208171280936005,-2.1958751039040005,-2.154132813554002,-2.2139052282900007,-2.128239947892,-2.143450389934002,-2.2701749113800007,-2.1487190072619993,-1.950366391101999,-1.6545100573300016
DPALPZWFXXPWMO-UHFFFAOYSA-N,-1.3503511981559981,-1.3955991106119998,-1.443912890018002,-1.592997886700002,-1.60273223535,-1.6152281196800022,-1.620479570418,-1.961206761550003,-1.942821639090004,-2.232880931700001,-2.3879972982640014,-2.339379123410002,-2.4578722971420017,-1.3188839637099998,-1.1678758229639983,-1.0930932663279995,-1.0200598016479998,-0.9773514417139989,-0.802667269507999,-0.7452198275459986,-0.6147411916180001,-0.5066603633520003,-0.4340649689700006,-0.3817758746820003,-0.3939507740100007,-0.30467192397600035
FJWXOOJXUZNGNH-UHFFFAOYSA-N,-1.506895470500001,-1.5445924537020017,-1.5235251558660006,-1.5798687258700004,-1.587539930642,-1.6833005245440014,-1.7778029996199998,-1.8412424484599994,-1.8840204396739986,-1.891103184503999,-1.8903860496139997,-1.8761543690939995,-1.9492726200100008,-1.5130613440599996,-1.3760634525199993,-1.3177517630259998,-1.30671789011,-1.2697525131520002,-1.275004137968001,-1.2155413298759996,-1.344052244924,-1.2279094534499988,-1.178252948736,-1.1401142373660005,-1.139895931242,-1.1045480558139982
FKVMWDZRDMCIAJ-UHFFFAOYSA-N,-1.3608159771299921,-1.3124512673519948,-1.2510607455159948,-1.2722849151199966,-1.1092087538119966,-1.192690371805995,-1.2783687084419966,-1.1283753209439968,-1.1747356043679977,-1.327002597886,-1.4093064428660007,-1.4217538223580006,-1.4139828539380006,-1.36071120236999,-1.1975636230439948,-1.1450937524139955,-0.7871905924159991,-0.578692892392002,-0.418617234130002,-0.11289515510199985,-0.11361246133799988,-0.0680081828199999,0.10234316675199993,0.19685327634200023,0.2224550700080001,0.06731846967200016
FUNGMMDHWWTWCC-UHFFFAOYSA-N,-2.065051225073998,-2.0034484597079962,-2.033099977739998,-2.0511187658619994,-2.081437207761997,-2.012133744339998,-2.131258616947999,-2.0554700082519988,-2.109890740017998,-2.1413425647500004,-2.1538963171960015,-2.257899229107998,-2.113707548525998,-2.0319882733519954,-2.0087554564459973,-1.9768919545439962,-2.0552505312119966,-1.9653236178399967,-1.949196704467995,-1.9420478734119955,-1.8325865731199966,-1.7905036228819946,-1.4505817927639948,-1.1867281195399955,-1.215122381817995,-1.2355703172039945
GKKDCARASOJPNG-UHFFFAOYSA-N,-1.884977380872003,-1.881700903270002,-1.8798645991840035,-1.8571426897160046,-1.8331742403800022,-1.8340773070060032,-1.872996865472002,-1.838812768058002,-1.8152236371940005,-1.84755106649,-1.7990497674160009,-1.8304455606420025,-1.752062640233999,-1.815680783820004,-1.7761875992800051,-1.8666488651820052,-1.8252995814720048,-1.8939198099920018,-1.865277681944,-1.900322773368001,-1.9218521347940005,-1.8953814594540017,-1.8840936463480005,-1.6186224436920018,-1.4493316820160023,-1.4424353856699996
GXBUKHSYNSJJAV-ISLYRVAYSA-N,-1.4631759932459993,-1.5239675199340015,-1.5801973006160028,-1.6508591818040035,-1.7603448315040018,-1.8240842715060015,-2.038521056356005,-2.1871762324400033,-2.3027855925120004,-2.4754932372080014,-2.5947714404400006,-2.6257487668460042,-2.669337061668002,-1.5006692791520009,-1.4505544255680012,-1.3300591639039998,-1.3466974149980007,-1.1878965599140006,-1.0632437958319998,-0.8990588874180007,-0.7725657910060006,-0.7293389859320022,-0.6104272365080012,-0.43492215785199984,-0.37574265435800025,-0.5012243596080003
HAMMHSUBQYOIFQ-UHFFFAOYSA-N,-2.0638997728340027,-2.035416513906004,-1.9725794721960015,-1.9885666943540028,-1.919212580580001,-1.991196062822007,-1.8563274422100027,-1.9162773422500057,-1.9525679623120042,-1.9598064769500008,-1.8276193114480013,-2.0323816133620007,-1.8956704516560023,-2.0882949403100004,-1.995109465978004,-1.9013412152960034,-1.8016109525720017,-1.7153545235160021,-1.556747791940004,-1.4056401614100011,-1.3777943549420006,-1.3124885708600011,-1.293149484974001,-1.043397677348,-0.8636766662620001,-0.7487489664420008
HOHPPAHUSJCHHL-CMDGGOBGSA-N,-0.8857633692399985,-1.048613010841998,-1.031299419759997,-1.1074892502359994,-1.1338890904939993,-1.2607250419820009,-1.4773730906780056,-1.4421459429700043,-1.4572667222460043,-1.425012500338003,-1.4158785762340023,-1.6685037137160015,-1.7462828086820013,-0.941551408323998,-0.6315804283659998,-0.796546961754,-0.7952128882219999,-0.7265803739580001,-0.7851850225299996,-0.5962990845960016,-0.5982070000540016,-0.29949302914999976,-0.0707689457539997,0.0916927816120001,0.1309516490620001,0.20007331015000046
HOHPPAHUSJCHHL-HJWRWDBZSA-N,-0.09958344267599985,-0.21919486772599953,-0.42444051589000104,-0.4131179919400007,-0.5792251740999999,-0.5265507205180007,-0.5677197244620013,-0.4767398816640004,-0.5185875348400002,-0.7579165403479996,-0.9404174294159989,-1.1995959338720008,-1.422453192730006,-0.08658296276599994,0.09034659795000013,0.1049739158580001,0.17003845751800004,0.15133318476200014,0.22239123447800044,0.22479440894000025,0.21168387260000043,0.2522170525900005,0.1495451517180001,0.026610371832000015,-0.054755947851999984,-0.14645416686199983
HXQJFCWQLPRPRG-UHFFFAOYSA-N,-1.8595016176160006,-1.8596540976380034,-1.8577267891260036,-1.8925908441480022,-1.9473080912200025,-1.9795763837200009,-2.0346682917980012,-2.125116461554003,-2.209141500310001,-2.3500594400160018,-2.3680848676140007,-2.398941011893999,-2.4339892611620013,-1.8722078764700014,-1.8236028444520007,-1.8132055417539987,-1.737820682305995,-1.718550632067993,-1.695199957791992,-1.6932497684199916,-1.7121377741639903,-1.628335087615991,-1.6189776808739913,-1.4185148529099942,-1.2961222167399948,-1.2054985161019955
IHPDTPWNFBQHEB-KBPBESRZSA-N,-1.1649363082340018,-1.1904983853680013,-1.320415366288,-1.337737225122001,-1.4067209507199998,-1.4410509429180025,-1.4380627270200002,-1.5941812101299995,-1.6899406147620026,-1.9911413936099978,-2.0027391058480006,-2.0442197283680015,-1.9920156346260018,-1.153959391438001,-1.036910132946001,-1.0372124090139994,-0.9475940965920006,-0.9328814706099998,-0.865470044960001,-0.850993355380001,-0.8666156304220017,-0.8808853607060012,-0.8611470969800009,-0.6588515451640005,-0.21326608147200005,0.012736911457999944
IJFDOVWXJGQCGY-UHFFFAOYSA-N,-2.9677336913360137,-2.9505566657600117,-3.003343410564015,-3.017942644434015,-3.0289125108640165,-3.024695471332017,-3.074696839100015,-3.1402298537500184,-3.1894405706820175,-3.165985846420017,-3.126837690866016,-3.1685229752140165,-3.146611693170012,-2.9394768008340133,-2.9239155988420156,-2.8798942440480135,-2.847460402470012,-2.8561789505860142,-2.7668196286080087,-2.845645191542013,-2.8306888943040103,-2.8028816804180128,-2.82608237471001,-2.734665378052007,-2.7040661051400092,-2.4808762195480045
IKCLCGXPQILATA-UHFFFAOYSA-N,-1.1327824733379994,-1.206630127401999,-1.2403024444119997,-1.290115577730002,-1.248983389550002,-1.257850549864002,-1.3037708330560036,-1.3876954080060062,-1.4935309067880043,-1.7647267251600105,-1.97657014388601,-2.0976900234180094,-2.1174842149800117,-1.0964945584679984,-1.0865891050119987,-0.9557675575759995,-0.8490969129179998,-0.7228003064739986,-0.7075895348560002,-0.7335094131700013,-0.6144808553419995,-0.6568545538639994,-0.41666766654599846,-0.08211000666399998,0.03903395435200009,0.1838959291160001
IMNIMPAHZVJRPE-UHFFFAOYSA-N,-0.8119506683319992,-0.8654796405899986,-0.9111391491899996,-0.8951526720100006,-0.8977347321379994,-0.9503478602479996,-0.961303400256,-1.0085725744540004,-1.0524719992839997,-1.0363938313059988,-1.1029856239739995,-1.2281707756840015,-1.337400897462003,-0.7582024798759996,-0.6340284891419997,-0.5498953349380001,-0.5411144513540002,-0.5175645028780005,-0.4791096991000002,-0.4138359753439995,-0.4085878806499998,-0.365603814322,-0.3905668318320004,-0.2428502127919996,-0.09130271545599994,0.10070416293000009
IQUPABOKLQSFBK-UHFFFAOYSA-N,-0.36113087244400044,-0.46173406706600156,-0.5538363779960008,-0.5339598295360009,-0.6240976798059996,-0.59278661636,-0.5531377308979998,-0.6193683806039988,-0.8467172186579989,-0.9455896308640003,-1.0815102497499995,-1.0705302626640003,-1.172392633376001,-0.3490889188740004,-0.21276412316800014,0.010609722416000012,0.06107309955200002,0.18074222335800003,0.17907882861400004,0.31414027047000026,0.37351870756400013,0.4639242594260002,0.4473651649480005,0.43997950795200097,0.35295878082200066,0.22171701625999982
IVDVAMTYPIOUEQ-UHFFFAOYSA-N,-0.05625041246000003,-0.07789506309799996,-0.18484559400999986,-0.261632365378,-0.35958464239800014,-0.4413005752600001,-0.5176725669480006,-0.6428212585920012,-0.696045888584,-0.7451134989180005,-0.9795916221819991,-1.188468549966,-1.2564233875479998,-0.10598748405399983,-0.14677813895399996,-0.174800051454,-0.12569681386599996,-0.032011724674000146,-0.13198481536000026,-0.08083565262399998,-0.060185635701999946,-0.02420293654800009,0.04915764449199991,0.04734108385599999,-0.04427769907199985,-0.08416552157
JBWKIWSBJXDJDT-UHFFFAOYSA-N,-0.2263268861680004,-0.2645221861540001,-0.3114818018160006,-0.32050923036000034,-0.36334397646400063,-0.37517353111400054,-0.3435842755940001,-0.4236557794160007,-0.3993057410020008,-0.754431169537998,-0.758179561489998,-0.8050392398359972,-0.9489809357399964,-0.2785752702160007,-0.26696621887400024,-0.32988736124200024,-0.43704293327400084,-0.4447793793680005,-0.5875537898520019,-0.7612338346480046,-0.6847008923300031,-0.6573678908620026,-0.6406601019440018,-0.512590902616,-0.5164054597060003,-0.4092790313319996
JEPXWPONFKFPCB-UHFFFAOYSA-N,-0.9164544568220033,-0.963658473900004,-1.0316825600920048,-1.0716677964260042,-1.1512678533360015,-1.1576153506540012,-1.172258307210001,-1.199705791082003,-1.2143087297560025,-1.2633534549220027,-1.283372267828001,-1.2646413346620025,-1.371170556510003,-0.8779166342360029,-0.8898570245080023,-0.8609803655080027,-0.7196026279240012,-0.7385448632080017,-0.6814634525780012,-0.5980470880920011,-0.4822744929080002,-0.4102541433699999,-0.284823658292,-0.06930005061999996,0.0714292386860001,0.09781281195200002
JHMMNVQXKFUCCZ-VOTSOKGWSA-N,-1.0396581372100007,-1.1078735065060017,-1.234037905834002,-1.289243744294004,-1.310630204688001,-1.3774351402880012,-1.5159638235960013,-1.5425690281400013,-1.6931996096260031,-1.9038289466940002,-2.063204425720001,-2.2549115961140025,-2.369286717232,-1.0493415748140003,-0.988867620528001,-0.951609196324001,-0.8389023606600005,-0.8501150264099994,-0.7585203722640003,-0.7024079405460004,-0.657214877614001,-0.5647694495940008,-0.5264752983080003,-0.5060817611520003,-0.5139165247399998,-0.6351592025420009
JHWNWJKBPDFINM-UHFFFAOYSA-N,-1.1775476973199976,-1.185784997213997,-1.132085648467995,-1.1837804128679952,-1.1874456169319954,-1.189326729897997,-1.1835707752479967,-1.2835428043279993,-1.2789612646519966,-1.345776811111999,-1.180649090347997,-1.0799783123679985,-1.0988913264639992,-1.1500162776439964,-1.053443704717995,-0.8986832974339964,-0.8037172082719981,-0.7976335885499982,-0.7835091089699981,-0.7609304709979985,-0.7516104923839996,-0.6698759330379996,-0.5933077141740003,-0.37675002063599977,-0.03528323373,0.29669868700800067
JLYXXMFPNIAWKQ-CDRYSYESSA-N,-1.9567189940980025,-1.9392192398220027,-1.9213378091760027,-1.917917678704002,-1.963038914946004,-1.9587674263420036,-1.8989851002100042,-1.9243654513500028,-1.9301773699420026,-1.9520663711000035,-2.0086727949840046,-2.0599301615400036,-1.9662640486380039,-1.9576131970020036,-1.9445609332920022,-1.8885453475260012,-1.9133046185880007,-1.9553920149040025,-1.8256745774819998,-1.8120958779220007,-1.8398668375860003,-1.8923665253780009,-1.856976610858001,-1.7798940088160005,-1.6782194515159998,-1.5469844749519985
JYMZGBAJQCQZCZ-UHFFFAOYSA-N,-2.5515656055499933,-2.6440346478559955,-2.581564311491997,-2.6501072324519956,-2.6049501411299976,-2.5977395146939934,-2.5258699599379946,-2.528736935365995,-2.5390600073559972,-2.5378601581019953,-2.5378469698819974,-2.5299437608379924,-2.500701018197998,-2.6055586597659977,-2.6299253072199975,-2.6096506008959977,-2.622294839691999,-2.570840704995999,-2.647132412505999,-2.6224295141619973,-2.5978328271759983,-2.5605195338479985,-2.616437081433998,-2.5080313355319968,-2.554134194455998,-2.410498334315997
KBLFLMTZLPQGIF-UHFFFAOYSA-N,-0.9813038261359971,-1.0632943383859979,-1.1551590965999956,-1.161162569075996,-1.0850548800099926,-1.140998070837995,-1.162582815789997,-1.1195640447119952,-1.1066236911679963,-1.2095080063759982,-1.142966799227998,-1.0947364202099987,-0.9326601378320003,-1.0114606877379966,-0.9021907942399988,-0.9110796985419983,-0.8486460185399979,-0.8160682867319986,-0.7909250585519995,-0.8475544053619999,-0.8393785607799997,-0.7766057562959992,-0.505636884364,-0.10425456439999975,0.23590019928800068,0.3997711885020007
KMIDAEMDWKIDAL-UHFFFAOYSA-N,-1.2129666194079989,-1.2694481881319981,-1.258330858722,-1.3711522926760003,-1.4157169389059994,-1.4370939949659973,-1.5386073938159976,-1.7111624382260013,-1.8516405785199996,-2.168979457703998,-2.3720133640579992,-2.4299744396820007,-2.4521502619239994,-1.231482705567999,-1.1014370551359984,-1.0354755245939995,-1.037768970109999,-0.9435713912179994,-0.8444611785739989,-0.8033361094019998,-0.7078348628260004,-0.6646505564920001,-0.5032065835979999,-0.5264041096499994,-0.5511735630759999,-0.4981582554299992
KOLSSZDJOTWLQW-UHFFFAOYSA-N,-0.4214560848740004,-0.4914772290200009,-0.5653343723720009,-0.5695474918220009,-0.6109205204840016,-0.5601636796200008,-0.6176259939420007,-0.5891551732660008,-0.6709754900980007,-0.8476984161319993,-0.950023160983999,-1.047457696068,-1.1681393025500002,-0.4653510626400006,-0.3878170500320002,-0.3957757191100003,-0.3916773083799998,-0.3680373806079995,-0.28560594601199907,-0.27226504157999926,-0.24591538919799824,-0.1379299910280001,-0.08811879703000021,-0.08920950588400016,-0.10332054377800023,-0.10449779977800024
KXGNFVJBSLJUTL-DGCLKSJQSA-N,-1.083501933123999,-1.152266941692,-1.2683512925640001,-1.3540548648619983,-1.4456407959959996,-1.3934018671739994,-1.505788233572,-1.6442142290279977,-2.0253913636719996,-2.2529614284700004,-2.560336961405996,-2.539125847033999,-2.459783167062,-1.1071779066139997,-1.1217695776239989,-1.067230567113999,-1.043181295097998,-1.0053412279539975,-0.9725992127279983,-0.903938906433999,-0.8137730318919988,-0.8506908522819991,-0.6419723448800003,-0.6737271423919992,-0.5615183572799994,-0.3912515317239998
KZNICNPSHKQLFF-UHFFFAOYSA-N,-1.485782256378,-1.6042365985519993,-1.7473812135879971,-1.6547914790099967,-1.6620531297779981,-1.7060844242799997,-1.8371215976500013,-1.8076772757980017,-1.7703471585300037,-1.8611073655520014,-1.8342164776600045,-2.0011548410340065,-2.0913061550180045,-1.3910421985499999,-1.4342517755319983,-1.3564823007020002,-1.371232443639999,-1.314380253794002,-1.3697178682140005,-1.2822042992580005,-1.2488968381600005,-0.9061809377400006,-0.46959128722600035,-0.2839439813919999,-0.18313856873,-0.15719386711800018
LAWHHRXCBUNWFI-UHFFFAOYSA-N,-1.645143802954,-1.8501634838200018,-2.1988233370719983,-2.2401139044299967,-2.405162599161992,-2.4281514918039884,-2.4736873321699893,-2.635299545081988,-2.5867812617739903,-2.5632860189779914,-2.5182531332779927,-2.3307657179859955,-2.2551964835639957,-1.6608354338060007,-1.2622993253919998,-1.1574994470559992,-1.1094401672719987,-1.031036100185998,-1.0487182439659986,-0.956360639869998,-0.9296564417459988,-0.949067745077998,-0.9915141628479972,-1.1068543333279994,-1.123260224869998,-1.3119597720640002
LDVLVMRFNCMVLS-UHFFFAOYSA-N,-2.191757917603997,-2.1869826447939977,-2.0902708600739985,-1.952890426610001,-1.886162440434,-1.861183071740003,-1.6936585758500047,-1.6573419295500016,-1.7068545476820052,-1.7064871201160046,-1.8701789553920043,-2.040691200268006,-2.1817314995680035,-2.246763253335996,-2.0293224434759995,-1.8829950993180016,-1.9012507204480007,-1.8350360868200033,-1.7762837093660009,-1.8074002059140044,-1.7443314043900071,-1.5617623936580038,-0.9469556368160014,-0.7145551572820005,-0.584724676608,-0.6015313129240003
LDVVMCZRFWMZSG-OLQVQODUSA-N,-1.2129338938459986,-1.2939862555060018,-1.23404748502,-1.3398067802740012,-1.3457287976800012,-1.408936174622003,-1.472914311224002,-1.560434454394004,-1.6766865891100025,-1.803026739840001,-1.8430167184920023,-1.9844400503839992,-2.031748410864001,-1.1614265908500003,-1.1960035556220006,-1.1357325959179991,-1.0335324595820001,-0.9483666146140005,-0.8377949892320005,-0.8173270792720003,-0.8122088339780008,-0.7043607997500005,-0.5871665117500002,-0.4741724245399999,-0.5891386355159999,-0.5127978401599993
LGGDXXJAGWBUSL-BKRJIHRRSA-N,-0.803128020251999,-0.8736405346159979,-0.8395379951059989,-0.895351085143998,-0.8827192926059991,-0.8900987714619977,-0.9810076480939999,-1.0123855708619995,-1.0969786966279986,-1.182377809128,-1.3339328037899991,-1.93650410608,-2.1155825447419994,-0.8174397592639984,-0.8292540212619984,-0.6921464053599989,-0.6441520184640004,-0.6875687733440004,-0.6299104247580001,-0.7086365928039992,-0.6131659041739992,-0.5881450345699999,-0.4331365510079989,-0.3899773915699997,-0.36355213833199984,-0.41181327018999914
LSAOZCAKUIANSQ-UHFFFAOYSA-N,-2.219924115594,-2.1399190873300027,-2.0764719873960056,-2.1038881087120047,-2.2074681244080034,-2.171431714672004,-2.2523274934780035,-2.1972095896780037,-2.227071270406005,-2.323695009245999,-2.2800481374400015,-2.340266464608002,-2.3122946636320028,-2.195043749068002,-2.3851738089219996,-2.375924044528001,-2.37034129102,-2.336567432085998,-2.2339150215159997,-2.2673248634559995,-2.1170740123459972,-2.0517697214399964,-2.0118188064459965,-1.8912171236899957,-1.5896956635579969,-1.3209370374800016
LWBHHRRTOZQPDM-UHFFFAOYSA-N,-3.0398098937359883,-3.049978598049989,-2.864385241783992,-2.8172159870339923,-2.7744701280319943,-2.6503658940239916,-2.593370415585993,-2.498926159841995,-2.3677676441639974,-2.3446069211419958,-2.133443152463998,-2.068476380107997,-2.3043464048159965,-3.003702835967989,-2.938945158237991,-2.9462480457339906,-2.8436135226119914,-2.702711073347993,-2.543551246579996,-2.132397783049998,-1.9131655321379961,-1.7256923431059972,-1.449044022553999,-1.405798224383997,-1.248805105941997,-1.3677019349259962
LZTRCELOJRDYMQ-UHFFFAOYSA-N,-1.105829038043998,-1.0995892738859994,-1.1976013368839993,-1.192779966811999,-1.1417318697439989,-1.2806681714140005,-1.287174717094,-1.4015462819179987,-1.440550330886001,-1.4595473032600004,-1.5289556495459986,-1.5778965340419986,-1.7503716921360002,-1.1173951762959997,-1.0175009555819983,-0.8923719740439999,-0.7372349050980005,-0.7206036931960002,-0.6256842305960001,-0.6074730649700003,-0.5291422753479998,-0.5193636291420004,-0.4353069597880004,-0.40449437708200026,-0.3000794204740002,-0.15876232746999988
MBPFAXVDKWKWNX-UHFFFAOYSA-N,-0.44177684719400173,-0.67312589503,-0.6754127046019991,-0.6612475110379993,-0.7049394081119982,-0.7121021774659992,-0.7699308337439977,-0.847660192249997,-0.8481813734679978,-0.900667361879997,-1.062441054245998,-1.2420234004299961,-1.3103438933879967,-0.44017676951400114,-0.27419595386800033,-0.24347639915400007,-0.2761414729680003,-0.27125207062400053,-0.2708409818820002,-0.27188347218000036,-0.21403483257999975,-0.16301935395799988,-0.09596450260799985,-0.11559138628399984,-0.21171903696399963,-0.1931911613599998
MBUKWVQKGHOBTG-UHFFFAOYSA-N,-0.04948326043599988,-0.06438875408000004,-0.15442723947,-0.2734713849119992,-0.32656064990199896,-0.3856995874199992,-0.31804736434799974,-0.37766314028599973,-0.4105273605920003,-0.4312407558020002,-0.4698501788200009,-0.6829774176259996,-0.9557780772740003,-0.03281987493800003,-0.06312811199799982,-0.020502940374000102,-0.039245095576000054,-0.047947551073999596,-0.008004932287999974,0.007989504212000051,-0.06082902455999995,-0.08054280213800001,-0.21086551730599887,-0.24127318534799896,-0.3353636974179986,-0.3953754787919982
MCJGNVYPOGVAJF-UHFFFAOYSA-N,0.23751153018400004,0.1966691541320002,0.028494948641999956,-0.1277447328639999,-0.1899872839759999,-0.2736237966799994,-0.3222609584099989,-0.40074255050399915,-0.41535929024199963,-0.5342357117099987,-0.7262733608539992,-0.7783573890299994,-1.008042713527999,0.26385672869000026,0.36660477281200005,0.3992512021819998,0.47364057676599997,0.545553466814001,0.5441874235540002,0.5731007900120015,0.6079334613620024,0.6013319402820028,0.5532777677440018,0.4828863883700017,0.28403296470999984,0.20637291396599983
MJVAVZPDRWSRRC-UHFFFAOYSA-N,-0.33803088667999964,-0.4191886167119997,-0.40951647249,-0.438705730798,-0.4534936451280003,-0.6520092815340005,-0.7388625563579996,-0.8011922940980001,-0.9045929789339999,-1.0824767429600006,-1.0530178884439991,-1.279786679906002,-1.4094207247220054,-0.3179910515919995,-0.2634838247819995,-0.15673243218199986,-0.169264935178,-0.05325772009200006,0.09210968058799983,0.14125730867599995,0.2208013439480005,0.24523707680200074,0.40539945050600007,0.3731214089160004,0.4815352998400014,0.3902126180740009
MWPLVEDNUUSJAV-UHFFFAOYSA-N,-1.2598443125139973,-1.3756447742039974,-1.3769341052079969,-1.421350456819998,-1.539694700037998,-1.5971172280159989,-1.6210864900319981,-1.6268738773879972,-1.6613465600599977,-1.6113753770279975,-1.7295552101139997,-1.7119229063520027,-1.7247515912640006,-1.2847980729339983,-1.218492668555998,-1.1886411140079978,-1.064822400513998,-1.062135897529998,-0.9808230355679983,-0.934385798559999,-0.8469181072619989,-0.8260471222619992,-0.8164940673559986,-0.6000541568239991,-0.29238774419599944,-0.2547459444119994
NMIUCCCFPUEILN-UHFFFAOYSA-N,-2.3778987079660032,-2.512863185802004,-2.5064463162300044,-2.5674683293280047,-2.6010690809300034,-2.6799824088260036,-2.6641423641100053,-2.7008664016380055,-2.690393620028006,-2.7074390226380087,-2.7097531228880047,-2.7384726176560026,-2.7206407396300043,-2.4272176231440015,-2.3114036506420015,-2.352227635128004,-2.2938951677940036,-2.25914124374,-2.159039162084004,-2.101876040870005,-1.9499773201480077,-1.8642774315320083,-1.7438687682040093,-1.7139512789800118,-1.5413992627200053,-1.3014237376780018
NODIXMQDAGGDJQ-UHFFFAOYSA-N,-2.763778767584001,-2.8856197206840006,-2.936695532826001,-2.8479213427560044,-2.842460924972004,-2.794028668862002,-2.821652750048,-2.7363318790119995,-2.807834936018,-2.754913896746002,-2.756339092652,-2.8228869174700013,-2.826803329420002,-2.8873556034399988,-2.720396943764,-2.629547080851996,-2.5367928218999958,-2.4088292135079934,-2.380697889659994,-2.1062060809999954,-2.077225652925996,-2.0224118728639953,-1.749225858593998,-1.5688043123259967,-1.5347980517339983,-1.308383606783998
NRJPVIOTANUINF-UHFFFAOYSA-N,-2.0443413419959997,-2.119822451342002,-2.1240551610640006,-2.127106338853999,-2.156582519998002,-2.223242893152002,-2.2369110515480024,-2.2171715661200033,-2.305876292414002,-2.4542978643620024,-2.435053949598005,-2.481943972564004,-2.4552755378820046,-1.983868242328,-1.8495019459380015,-1.8040401932460004,-1.6506814767520046,-1.5819575435360054,-1.3956470769260028,-1.3214381642720028,-1.3308770251000035,-1.318029385402004,-1.3420277846060034,-1.2077946927640006,-0.9716285491,-0.7137037123800001
NUVPXAUGUJCZAI-QZQOTICOSA-N,-0.4057509772300005,-0.259096553878001,-0.30997569637000094,-0.3576693873920003,-0.49706823722200005,-0.5204203368819994,-0.5980551991639993,-0.6393829399699991,-0.7870409844779981,-0.9801891069939985,-1.2201146550000008,-1.3438326509840008,-1.479095141166003,-0.45043252844199994,-0.4909017344119996,-0.6154160203479997,-0.586747276252,-0.4267233184839997,-0.45528139588999905,-0.3977955233619996,-0.421440064955999,-0.3816462556419995,-0.3695637371679991,-0.3239209179940003,-0.4355782517999992,-0.5003983747019983
OCBCARWPRGBCGF-UHFFFAOYSA-N,-1.2285802590380002,-1.2967987418380005,-1.3992424329780007,-1.5428893850440017,-1.6698276021400036,-1.7311742618440045,-1.793256131106006,-1.795849436702006,-1.8518898173360054,-1.7324411673260067,-1.9252227142800038,-2.120866745158003,-2.2176604342940034,-1.2277164539280006,-1.2109241706120002,-1.2123080556919983,-1.0857899341000006,-1.0162225827880018,-0.9987900359140026,-0.9196475609100004,-0.8724156659560001,-0.7746391437580011,-0.6480353711600002,-0.5787990833819999,-0.4561236982860003,-0.4132321349959998
ODTSCSXVTPSHPK-UHFFFAOYSA-N,-1.555100098496,-1.5837735802200004,-1.7761282918980001,-1.8667198278340005,-2.0185499256519988,-2.0186213107040016,-2.0603346801780016,-2.1146486541400007,-2.1279182670919994,-2.173187549128002,-2.275974677575998,-2.285276596593999,-2.341465974639999,-1.5158447923920002,-1.4205655053879986,-1.3715626144219986,-1.340246099505998,-1.323946198331998,-1.3636796788560004,-1.3175223881859996,-1.3407101277359978,-1.269908590551999,-1.0593469780999982,-1.046299191663999,-0.8286528774219999,-0.7284711101840017
OPOPTXYBSHDZOM-UHFFFAOYSA-N,-0.21394500928800014,-0.117669032248,-0.25690857425000035,-0.361018808156,-0.42113152414000027,-0.6069714388459986,-0.6587289126999984,-0.6487256412539981,-0.6506801649159972,-0.6500979405419981,-0.6957885560619971,-0.8283136969179944,-0.8002684430759959,-0.156920125084,-0.15176061019600004,-0.07737228034999986,0.01024384140399997,0.0033065185059999867,0.012509149018000062,0.04816234596800002,-0.00912617217600001,-0.007916185786000016,-0.09743413188199983,-0.122458378472,-0.14074701509599993,-0.21177743918999986
PBQLPYWWRPIKQW-UHFFFAOYSA-N,-0.7254871147500029,-0.6990768562980035,-0.7263838411600031,-0.774107161492002,-0.8400730321520014,-0.8331523773780023,-0.9068552148920003,-0.9100577009760006,-0.990624875234002,-1.1711152564820013,-1.2289780754300017,-1.3372180377940028,-1.407140025401999,-0.7007370044520032,-0.7020182405880026,-0.7684602834240016,-0.8152468379380022,-0.8205723865760018,-0.8506737076580021,-0.7717875943619998,-0.7704960262220009,-0.7500245466600002,-0.6734556933680005,-0.7098635835060003,-0.7788036292880008,-0.6704465798820002
PDRGHUMCVRDZLQ-WMZOPIPTSA-N,-2.286556911274002,-2.2883303044479986,-2.3309058089579997,-2.3164262268219997,-2.3203741649040004,-2.3121810106399985,-2.3460219851739983,-2.328799832445998,-2.266713642831998,-2.4218581321040005,-2.3581436931459976,-2.398122911277997,-2.4122083911839964,-2.2945291680479993,-2.2939309304779996,-2.3034696194240016,-2.211173400164003,-2.2456105703440006,-2.183730378062002,-2.1663242341180022,-2.114587321640001,-2.1499330947860016,-2.16570897557,-2.0133399472520024,-1.8886066427560015,-1.6173247462640026
PDZIFGIQUYFQGK-UHFFFAOYSA-N,-1.0978585171739998,-1.1703376279319986,-1.229841424232003,-1.264778065696001,-1.3252103768220036,-1.3483561772380024,-1.451821050228003,-1.5214216395560038,-1.5397307883840032,-1.5256173611740034,-1.511576189154002,-1.5492261770700027,-1.6301720973980036,-1.131613463828,-1.0908079210140007,-1.0672176983959978,-1.0107456635499994,-0.9517152246380012,-0.8709377699900026,-0.8142648229420024,-0.7148578779760015,-0.6544620728980007,-0.4508679151559997,-0.34113128596599973,-0.12476664047800007,0.11216615344800009
PEQHIRFAKIASBK-UHFFFAOYSA-N,-2.155705629950001,-2.138338464809999,-2.0453292176739977,-2.1257395188719976,-2.1045793826959995,-2.1085482322099995,-2.085666408748,-2.0917361678340005,-2.2225651110780023,-2.1105594908400036,-2.177993496234003,-2.2361031875940034,-2.2568296114540027,-2.0096662830339977,-2.0896096061859986,-2.086354135065998,-2.055082324075996,-2.0745608420419974,-1.9327691887239944,-1.7843207084219945,-1.699145892013994,-1.5477047291419959,-1.239740330475994,-1.1186698754399946,-1.0184721342039948,-1.0055749187979952
PPJVBBJMDLANLB-UHFFFAOYSA-N,-1.1312800992080012,-1.1796351949580002,-1.2100039787220027,-1.2940255909340026,-1.332380058988004,-1.2947312933580024,-1.3021558190820024,-1.3693497232600012,-1.5140600629660026,-1.7091465229300014,-1.8002542268440023,-1.83606993342,-1.9048641550280008,-1.1319817486120027,-1.0702405662540009,-0.977295705096,-0.8679029263620002,-0.7971615328820002,-0.719957854484001,-0.6386456907220012,-0.6122532836120013,-0.5500353384640014,-0.4706051717080006,-0.34121800227799964,-0.15470363537799936,-0.06123867490200005
QIGBRXMKCJKVMJ-UHFFFAOYSA-N,-1.6278918287940045,-1.7178511242380041,-1.785543253992004,-2.0841438625200017,-2.0943192500720036,-2.236421794910003,-2.229319304530002,-2.2689531941380015,-2.207911470008002,-2.138263719330004,-2.023754633858004,-1.973251781896002,-1.8225550381940012,-1.637167718616004,-1.5597694478900033,-1.5039545061919997,-1.525636066424001,-1.5088808139880008,-1.4407215019679993,-1.4808869606779982,-1.475471390985999,-1.4536138746599976,-1.312871301863997,-1.4344887615179946,-1.3142835058639981,-1.1028497079459987
QPUHWUSUBHNZCG-UWVGGRQHSA-N,-0.8776177927380008,-1.0289375648399997,-1.1514946868799998,-1.2051506359040003,-1.227016630758001,-1.231675274452002,-1.3201472307020006,-1.3579157428140003,-1.4207179267520027,-1.640610998422004,-1.971261364656006,-2.139396438558006,-2.2255853942740056,-0.9831564370939995,-0.8017800651559995,-0.856068868580001,-0.7005114650780006,-0.6845485748120002,-0.6246540377080003,-0.6025033969239998,-0.5051639619799998,-0.44635948154800015,-0.23104262177799972,-0.08998479708200006,0.0026454338139999594,-0.016496414270000013
QTPSDCFAVWZIJU-UHFFFAOYSA-N,-0.8370129960199995,-0.8804963239699973,-1.010643089189999,-1.011217748105998,-1.2189427399939985,-1.2668019666199992,-1.3198434396119998,-1.4747302204499992,-1.5016673692860003,-1.8284867750399987,-2.0233716234940027,-2.233142537054,-2.360389221910003,-0.8170925587239991,-0.8056740676659995,-0.7022694652079989,-0.6041782382779997,-0.5275598473420002,-0.47267471800200045,-0.40733930316400035,-0.32823172943600065,-0.2971840324400008,-0.5253173598939993,-0.4851661971899991,-0.39050088084199913,-0.3692634804899996
QYOOZBGIAMCUNQ-UHFFFAOYSA-N,-1.3640293737599989,-1.4370336548099976,-1.4765182578800005,-1.4939139387759977,-1.707881832723997,-1.5744571672119978,-1.6324739225179965,-1.6461061912119976,-1.5440739813219981,-1.6188153615640004,-1.7901078671580026,-2.0545112533220062,-2.2360391022780015,-1.259644720573999,-1.214812040937999,-1.1953353468720003,-1.0357111953640004,-1.0352239988479999,-1.0120875193280001,-0.7621841980779995,-0.6443844851859994,-0.4844998336959995,-0.2209338303319997,-0.15060820535600017,-0.09709475391200034,-0.09710298233200014
RCOUWKSZRXJXLA-UHFFFAOYSA-N,-1.5969223678540048,-1.8021420473640035,-2.021870057527999,-2.106344173943999,-2.16877921285,-2.1687560180699994,-2.138970926285999,-2.2129578413759967,-2.235410987818001,-2.304459510827997,-2.389464848998,-2.3753861597540005,-2.2614071388320025,-1.6441360740640025,-1.4691703315740028,-1.3415227328280037,-1.176723897224005,-1.2176752851420047,-1.0873981038340024,-1.0322285076860025,-1.0447532366900043,-1.0506937107940024,-1.1137744549260005,-0.9764539539860004,-0.5886468067660006,-0.3575053543880002
RJKGJBPXVHTNJL-UHFFFAOYSA-N,0.4064995032140002,0.3563649637799996,0.3101358550280003,0.2793768460560004,0.2803419487920006,0.3395288564240012,0.2082549316220002,0.13178825976199995,-0.028303004099999987,-0.2114693714919998,-0.37322761034999935,-0.5012164728819993,-0.6956053681180006,0.4634058159140002,0.4421502459399996,0.4489278822780002,0.47252441283000063,0.49639912516200063,0.4579450550760005,0.41302286005600036,0.3715824047580005,0.3032556800880007,0.2133060359800002,0.12416252402399969,0.06328364240600004,0.06327245318799983
RRKTZKIUPZVBMF-IBTVXLQLSA-N,-1.2980111734739985,-1.4714437800279996,-1.6153261991819992,-1.740627949516001,-1.878085333950001,-1.9703253206040003,-2.0376642132560003,-2.062927901306003,-2.0824516214760007,-2.1322690636140047,-2.3557553371860007,-2.4555964229999994,-2.5424498475060027,-1.321808963065999,-1.1951884723439994,-1.2207545204699992,-1.1906515680799987,-1.1405856160579984,-1.112180028071999,-1.0504392761479988,-0.9832038004559981,-1.0148219910359986,-1.0346068345239985,-1.018646235625999,-0.9347745272759996,-0.8465295696659993
SLKHRJWWFSTBJC-AXTSPUMRSA-N,-0.5172221348580003,-0.5410856847580007,-0.5873929586440005,-0.5548524440860002,-0.7012467109059994,-0.8782200595659989,-0.8632102184139983,-0.8969100280219979,-0.8591290858179988,-0.938800854097999,-1.0764025216839972,-1.227985213023998,-1.2148263776019979,-0.5445351051520005,-0.5357699710200002,-0.44329288924600035,-0.4001195927840003,-0.33237895367000025,-0.23866434519999988,-0.23844249480799987,-0.2252803779519996,-0.1515558031079999,-0.08475617389200006,-0.09212163692800011,0.033332721677999805,0.1404917386200004
SMNDYUVBFMFKNZ-UHFFFAOYSA-N,-1.392868378519996,-1.4708711073299952,-1.4782312300119966,-1.4571132097719968,-1.4701780187279962,-1.530921419979996,-1.426598944174,-1.5622291699839992,-1.6305181381419984,-1.8218937162680007,-2.0908643114260026,-2.2862112631620066,-2.263244372518005,-1.3923286355479971,-1.1833091843919996,-1.0482767399020008,-1.0043956306399997,-0.9996076134700005,-0.8833592448620012,-0.9328251730380015,-0.8993294497779998,-0.8075154612900004,-0.5651024890940001,-0.14693473928799985,0.014674171553999983,0.1750327102899999
SWJPEBQEEAHIGZ-UHFFFAOYSA-N,-0.13462262974799982,-0.10033074373199985,-0.14980135559199992,-0.09481314980999998,-0.12401655917399981,-0.1197374861320001,-0.13082985448399986,-0.2116444470299995,-0.24485796225599962,-0.31478716106599974,-0.2818890514459995,-0.6882325957899995,-0.7473346562899994,-0.09979159067,0.02574331397600005,0.006090602087999999,0.1496659451660002,0.21092633155200013,0.24599761928200087,0.2766285714820006,0.31718255565799963,0.2868056736860002,0.2520682113580008,0.2720522616520005,0.18695687016200016,0.07720047473999973
TYMLOMAKGOJONV-UHFFFAOYSA-N,-1.3744800589720019,-1.2575035600840019,-1.3013621255400034,-1.2625039135660017,-1.3303964972880031,-1.3961590131960042,-1.386173743742006,-1.487654753404004,-1.5984098429180058,-1.754068498470006,-1.7870025629020039,-1.6867633681460017,-1.7739548489240025,-1.2902413911600006,-1.2656220502480013,-1.2818072167359988,-1.2175248585279987,-1.1287199371339973,-1.0613381124899974,-0.9408928129439962,-0.9851121692019964,-0.9077780117839974,-0.7848395803479989,-0.6455562482680004,-0.35044315875999943,-0.2623388547519993
UDTWZFJEMMUFLC-NSHDSACASA-N,-2.2281157349760043,-2.2966935288240053,-2.345578774042006,-2.3407784892620036,-2.4098079561840002,-2.434168860892004,-2.470246365920002,-2.4469513105240015,-2.502896013902003,-2.488429032064002,-2.451543104074002,-2.4766826538959994,-2.437269103684,-2.2143690160240057,-2.1779112964600067,-2.1557695942340054,-2.1431863093900025,-2.1849081510400024,-2.3080659215020014,-2.277248224232003,-2.291133409172001,-2.1847536391480005,-1.9902689575600037,-1.731455752088003,-1.6334749414320031,-1.6286163002280039
UFBJCMHMOXMLKC-UHFFFAOYSA-N,-0.37826938874600063,-0.4045839975260012,-0.3497245890860005,-0.3241145047280012,-0.2835856176760006,-0.5523246909080005,-0.7345901529359977,-0.804687638027997,-1.0632219502319982,-1.0729520453279984,-1.1578841570420007,-1.3788141979120032,-1.5784320613360059,-0.4119321594880011,-0.3716957448480009,-0.38916845619200074,-0.31763554754400025,-0.26790178022400013,-0.09612740404600001,0.020269579816000076,0.10302797292199949,0.18233949075199918,0.13799252019599922,0.10736053859599945,0.17754901953999946,0.08432395833600011
UROTXSKVENIXIY-UHFFFAOYSA-N,-0.22757159857399947,-0.29238019045599994,-0.4217708439739999,-0.43145658167400025,-0.5049436836199998,-0.5630858891280001,-0.6611809143300016,-0.7403527781920021,-0.8383285504440025,-0.9897496225040011,-1.0234710275159975,-1.1957708760380006,-1.2695758343080021,-0.2190609232099996,-0.09187544888800003,-0.053099583368000254,0.002437176109999981,-0.016883154852000117,-0.025505771770000078,0.09474815954999996,0.11687157349399986,0.08766882806999986,0.16962975651800014,0.10321294650199997,0.16002583185400007,0.1517363590779998
UUIFLJWUCFHTEW-UHFFFAOYSA-N,-0.43396569438599925,-0.44621448871999964,-0.5981813108280007,-0.6268875557080009,-0.7205736374300009,-0.7923149505080006,-0.8402595158379987,-0.8897484261180002,-0.8731946118979999,-1.010123591046,-1.2127403416339995,-1.2891242842839996,-1.3490516333519968,-0.5355827498199995,-0.517835441055999,-0.5631046794779991,-0.5873230190479988,-0.4485192034719995,-0.3764460364259994,-0.30161507725399994,-0.2867685953999999,-0.28693020845599954,-0.0942828840140001,-0.05769145084200001,-0.14674700073200025,-0.20002036279600055
UWTDXUCLTQHOJU-FPLPWBNLSA-N,-0.7424017810100005,-0.8473359711360006,-1.0373296509900005,-1.0572050270240012,-1.1378471482000003,-1.2154681889540004,-1.4022743441420027,-1.4575215372339987,-1.5868700326900016,-1.7555174246740017,-1.8879013757060041,-2.1493303753180037,-2.326569320658001,-0.7348134094200007,-0.690797680474001,-0.6728520343740019,-0.5625432867800012,-0.4730639707920007,-0.379414085558,-0.3853267467839998,-0.40544265448399985,-0.13154373203999992,0.1843855272800001,0.29523507840000074,0.3239911909340008,0.3477790311260013
VKCNNDPZFOVURD-SECBINFHSA-N,0.3172389246720004,0.24232565375800047,0.16483064040200002,0.1723974885560003,0.010103922204000006,-0.06336384204800004,-0.12565547398000013,-0.24708534610399954,-0.349539441438001,-0.4637021066860007,-0.6495683237440004,-0.8636250181360006,-1.0253817809579988,0.2915227750880006,0.34916081058200077,0.3724141826800009,0.4144154540720005,0.4132875935580004,0.4591540117580009,0.48910561068000113,0.5013283275600016,0.4273544061280011,0.2829267735160004,0.16366012071999989,0.025604652715999942,-0.023439053240000073
VOGKEZAPBBRLPB-UHFFFAOYSA-N,-0.607138493003999,-0.6122005661219985,-0.5934238786859978,-0.5425833952119979,-0.608975385783998,-0.6000763727219978,-0.5861829957259984,-0.6134472929779979,-0.7071881104539967,-0.6110495631359987,-0.895142958633995,-1.2068963472659984,-1.2404521137999984,-0.5892194653199996,-0.430809959762,-0.3576727408980003,-0.2744815753100003,-0.2172176724660004,-0.21436370695600007,-0.18476892840800024,-0.1238883540459996,-0.049322152287999986,-0.03498985195200004,-0.017760393407999977,-0.05719607266399994,-0.13664105666799994
VOXZDWNPVJITMN-ZBRFXRBCSA-N,-1.702052882687996,-1.9165849920119984,-2.113622596285995,-2.274911441087997,-2.3206118457699993,-2.3983856068519964,-2.3529616617419955,-2.3350708867499943,-2.2839816938119952,-2.2986763720199987,-2.246447959426001,-2.2547248320319992,-2.2200263925380006,-1.766038070453997,-1.561951098733997,-1.590855214663996,-1.5554843500519935,-1.451988863925995,-1.332849920069995,-1.190820159127999,-1.1785751686599986,-1.0831344417159983,-1.0281519846859977,-0.9436731138199989,-0.8791590837039991,-0.863203677059999
VQDJODAWOFNASI-UHFFFAOYSA-N,-2.5093647071899894,-2.6140228973419886,-2.627285520379985,-2.679141122435989,-2.838478660497991,-2.8459708627559865,-2.8091216665059897,-2.788475998665989,-2.793067813837986,-2.767557032135991,-2.538945705897994,-2.362550555867998,-2.335150659173999,-2.5141530006479895,-2.419778252963992,-2.1059407611900007,-1.9019528924380011,-1.5620907335900005,-1.4789465097140009,-1.2666996516539994,-1.2248172757260005,-1.2525159183199985,-1.1561555199539992,-1.2320570738279997,-1.1998619536080002,-1.2867305093400006
WMRCTEPOPAZMMN-UHFFFAOYSA-N,-2.816403824627992,-3.034059763771994,-3.0350823753919944,-2.8767387944539973,-2.7426914259479958,-2.657940003829994,-2.576198389767995,-2.5271625002219986,-2.3759762000279983,-2.2895298720399984,-2.228078789741999,-2.169724646455999,-2.373142836741995,-2.8143906640979925,-2.5647200528639944,-2.588111362085995,-2.5056931173059946,-2.2926443547759967,-2.1763205919619986,-1.952770897176,-1.8257344661079986,-1.5982452173239983,-1.3781496573359988,-1.302359632135999,-1.3271820532839966,-1.3693111331819978
WSEJSEYNXSBBRS-UHFFFAOYSA-N,-0.304206407083999,-0.3857202396960006,-0.5080779428320011,-0.6341101231940026,-0.706885867258002,-0.9470979519240015,-0.9872052626600013,-1.010439038200002,-1.1137458988700017,-1.1810329604040024,-1.3630944509640026,-1.365745478070002,-1.453706463764001,-0.31378906002999934,-0.3841777302039999,-0.45772614449599963,-0.381267403788,-0.2727852173219998,-0.25012064565399983,0.04010392590400003,0.014319788661999996,-0.01985108228600001,0.09700180967000012,0.055536754614000094,0.09077082103999996,-0.013857607238000023
WTYGAUXICFETTC-UHFFFAOYSA-N,-1.9597926030699957,-2.0360148444139905,-1.9915381012479927,-2.132734224373996,-2.1950565260779964,-2.359032693641998,-2.446578320077998,-2.6118362588079953,-2.673074028121997,-2.6014771771759975,-2.555666969495999,-2.655474193973998,-2.577436722916004,-1.9306246733499939,-1.9734340435239948,-1.9119322659539955,-1.7276074904519958,-1.5877809329299981,-1.347855580976001,-1.1036357693980035,-0.9794852872100036,-0.8788008113000023,-0.6854961306819999,-0.5633165441900004,-0.5896841327460006,-0.6493528143639999
XCDXSSFOJZZGQC-UHFFFAOYSA-N,-0.5234665899200004,-0.5430178637820009,-0.5702400316360009,-0.49439875641200054,-0.5615887131600013,-0.5833427512040015,-0.4428718821160004,-0.33121671732000013,-0.34412968599200033,-0.3703476814180007,-0.4489838178100008,-0.5569374125780006,-0.5551837908800002,-0.5259621528240002,-0.5117426345100002,-0.4464104512640005,-0.495381406484,-0.535840976252001,-0.5582273538980003,-0.4534750677380003,-0.5218799555620003,-0.5683941041040009,-0.5794067550940006,-0.5817038646299999,-0.5845786269060003,-0.5932265273980001
YAOUORFQUQWGHU-VQHVLOKHSA-N,-0.8259380516359985,-0.8927444036419997,-0.9783702485999995,-1.0700211444699985,-1.1416543132339996,-1.1483872562259998,-1.1404075475039992,-1.142628989645999,-1.1600573924759987,-1.375547388430001,-1.6721895877300044,-1.853605529180003,-1.9958608857380051,-0.8041238328719996,-0.6883660909419999,-0.5455053294960001,-0.4131255127399999,-0.3763468592800005,-0.2931522017420002,-0.11468086601600042,0.01596173090199999,0.1707295654239995,0.3175159054860006,0.3502157599080009,0.3889150352000009,0.4742419258420014
YDCFNPFXXJRYCZ-UHFFFAOYSA-N,-0.39699647774399993,-0.4906515051540005,-0.5384440694240015,-0.5469497417260013,-0.5994382478800019,-0.6576223850660032,-0.7751632812020024,-0.8541360304120019,-0.9187140028560022,-1.1188034521680035,-1.2685511369460027,-1.4360402933819985,-1.4406414879719998,-0.4437109931520005,-0.43268794468000027,-0.3376786781560001,-0.18872432858599958,-0.09453588151200047,-0.054874917916000146,0.018884179505999844,-0.02818660847399995,-0.02908755338199997,0.007789458201999975,-0.034658387844000015,-0.04618029545400001,-0.13043109281000054
YJHZQWSSAFUAIG-UHFFFAOYSA-N,-0.6334407586760016,-0.7193048623520016,-0.8554737975680056,-0.8904046973500063,-0.9676957713160054,-1.0426647931740032,-1.137126753562002,-1.1648170964000024,-1.1772610066720017,-1.2798472292140015,-1.377399524252002,-1.5671953970900012,-1.7926556570400032,-0.6317242574820006,-0.5592210637180001,-0.4789034045539999,-0.37829553018800005,-0.3269967332900003,-0.19984406654599937,-0.09688351636000034,0.058926647591999816,0.07923041095199981,0.1659358648819997,0.2649259412860001,0.2500313008280003,0.3224444122280001
YUWFEBAXEOLKSG-UHFFFAOYSA-N,-0.7696512272319981,-0.7507470510399988,-0.7405775631559991,-0.738918321309999,-0.7765445718979975,-0.8376286831919986,-0.8348216689039982,-0.8628913194999981,-0.8294994013019977,-0.8460161294179979,-0.9653333250159977,-1.0059349569579972,-1.1226180239799979,-0.7610502657579997,-0.7311422541979985,-0.5131768466300001,-0.4209720822360009,-0.3856483848439998,-0.3498664433299993,-0.27838861129799947,-0.25573144616599947,-0.2365177232979994,-0.13387432805800004,-0.025737355441999978,0.012977955260000059,0.18986012320200013
ZCJLOOJRNPHKAV-ONEGZZNKSA-N,-1.0681937703880047,-1.1011314299560044,-1.1683331244880037,-1.2268781166500022,-1.2274052499800023,-1.3758559521620017,-1.457884299414003,-1.5300832389180048,-1.6649328833340027,-1.9345366289680088,-2.3240572299260056,-2.2441988055800053,-2.208807093312005,-1.0612682038980055,-1.092668557038004,-1.0339698179200036,-0.960142448168002,-0.8847538315640016,-0.8258198836080024,-0.8503448669260022,-0.7896563083020013,-0.7998415644440009,-0.7538740140119997,-0.4009984243739993,-0.06103153059399995,0.09246908951000003
